班级,单元序号,单元名称,关卡序号,关卡名称,关卡类型,限时(分钟),是否Boss,备考目标,题型,题干,选项,正确答案,考点,解析,听力原文,知识点,难度,启用
2024级英语1班,13,S4验收演示单元,1,阅读 · 选词填空（第 10 周真题）,阅读,8,否,四级,选词填空,"It may sound surprising, but people who are supersensitive to coffee's bitter taste actually drink more of it, a new study finds.
This sensitivity isn't (26) a matter of taste, either, but rather is influenced by a person's genetic makeup, the researchers said in the study.
“You'd expect that people who are particularly sensitive to the bitter taste of caffeine would drink less coffee,” said study senior researcher Marilyn Cornelis. “The (27) results of our study suggest coffee consumers acquire a taste for or an ability to detect the bitterness of caffeine due to the learned positive (28) brought out by caffeine.”
Put another way, people who have a (29) ability to taste the bitterness of coffee learn to associate “good things with it,” Cornelis said. This finding is surprising, given that bitterness often serves as a warning mechanism to (30) people to spit out harmful substances, scientists said.
Researchers conducted the study to understand how genetics influences people's (31) of tea, coffee and alcohol which tend to taste bitter, said lead study researcher Jue Sheng Ong.
“While all bitter flavors may seem the same, we (32) the bitterness of Brussels sprouts (抱子甘蓝), quinine (奎宁) and caffeine (33),” Ong told Live Science. “The degree to which we find these flavors bitter is, in part, determined by your genes.”
People with the genes to taste the bitterness of green vegetables are more likely to prefer tea to coffee. In (34), people who were more sensitive to quinine's bitter flavors and those found in green vegetables tended to (35) coffee.

【本题第 26 空】(26)",addition|approximately|avoid|consumption|converted|convince|heightened|omission|opposite|perceive|prospect|reinforcement|separately|simply|targeted,N,"simply adv. 仅仅,只","【答案】simply adv. 仅仅,只
【语法分析】空格前为 be 动词 isn't,空格后为名词短语 a matter of taste,句子主干结构完整,因此本空应填入副词作状语。
【语义判断】空格所在句指出,研究人员表示,这种敏感性并不______与个人口味有关,而是受到个体基因构成的影响。结合句意可知,此处想表达这种敏感性不只是和口味有关,因此本空应填入具有“仅仅,只”含义的副词,N) simply(仅仅,只)符合文意,故为答案。",,演示,1,是
2024级英语1班,13,S4验收演示单元,1,阅读 · 选词填空（第 10 周真题）,阅读,8,否,四级,选词填空,"It may sound surprising, but people who are supersensitive to coffee's bitter taste actually drink more of it, a new study finds.
This sensitivity isn't (26) a matter of taste, either, but rather is influenced by a person's genetic makeup, the researchers said in the study.
“You'd expect that people who are particularly sensitive to the bitter taste of caffeine would drink less coffee,” said study senior researcher Marilyn Cornelis. “The (27) results of our study suggest coffee consumers acquire a taste for or an ability to detect the bitterness of caffeine due to the learned positive (28) brought out by caffeine.”
Put another way, people who have a (29) ability to taste the bitterness of coffee learn to associate “good things with it,” Cornelis said. This finding is surprising, given that bitterness often serves as a warning mechanism to (30) people to spit out harmful substances, scientists said.
Researchers conducted the study to understand how genetics influences people's (31) of tea, coffee and alcohol which tend to taste bitter, said lead study researcher Jue Sheng Ong.
“While all bitter flavors may seem the same, we (32) the bitterness of Brussels sprouts (抱子甘蓝), quinine (奎宁) and caffeine (33),” Ong told Live Science. “The degree to which we find these flavors bitter is, in part, determined by your genes.”
People with the genes to taste the bitterness of green vegetables are more likely to prefer tea to coffee. In (34), people who were more sensitive to quinine's bitter flavors and those found in green vegetables tended to (35) coffee.

【本题第 27 空】(27)",addition|approximately|avoid|consumption|converted|convince|heightened|omission|opposite|perceive|prospect|reinforcement|separately|simply|targeted,I,opposite adj. 相反的,"【答案】opposite adj. 相反的
【语法分析】空格前为定冠词 The,空格后为名词 results,因此本空应填入形容词作定语,修饰名词。
【语义判断】空格所在句指出,但我们研究的结果恰恰______,它表明咖啡饮用者通过咖啡带来的积极______,逐渐适应或有能力分辨咖啡因的苦味。前文提到人们普遍认为对咖啡因苦味敏感的人会少喝咖啡,本句用转折引出研究得出的不同结论,因此本空应填入具有“相反的”含义的形容词,I) opposite(相反的)符合文意,故为答案。",,演示,1,是
2024级英语1班,13,S4验收演示单元,1,阅读 · 选词填空（第 10 周真题）,阅读,8,否,四级,选词填空,"It may sound surprising, but people who are supersensitive to coffee's bitter taste actually drink more of it, a new study finds.
This sensitivity isn't (26) a matter of taste, either, but rather is influenced by a person's genetic makeup, the researchers said in the study.
“You'd expect that people who are particularly sensitive to the bitter taste of caffeine would drink less coffee,” said study senior researcher Marilyn Cornelis. “The (27) results of our study suggest coffee consumers acquire a taste for or an ability to detect the bitterness of caffeine due to the learned positive (28) brought out by caffeine.”
Put another way, people who have a (29) ability to taste the bitterness of coffee learn to associate “good things with it,” Cornelis said. This finding is surprising, given that bitterness often serves as a warning mechanism to (30) people to spit out harmful substances, scientists said.
Researchers conducted the study to understand how genetics influences people's (31) of tea, coffee and alcohol which tend to taste bitter, said lead study researcher Jue Sheng Ong.
“While all bitter flavors may seem the same, we (32) the bitterness of Brussels sprouts (抱子甘蓝), quinine (奎宁) and caffeine (33),” Ong told Live Science. “The degree to which we find these flavors bitter is, in part, determined by your genes.”
People with the genes to taste the bitterness of green vegetables are more likely to prefer tea to coffee. In (34), people who were more sensitive to quinine's bitter flavors and those found in green vegetables tended to (35) coffee.

【本题第 28 空】(28)",addition|approximately|avoid|consumption|converted|convince|heightened|omission|opposite|perceive|prospect|reinforcement|separately|simply|targeted,L,"reinforcement n. 加强,巩固","【答案】reinforcement n. 加强,巩固
【语法分析】空格前为 due to the learned positive,空格后为过去分词短语 brought out by caffeine,因此本空应填入名词作介词短语的中心词。
【语义判断】空格所在句指出,但我们研究的结果恰恰相反,表明咖啡饮用者通过咖啡带来的积极______,逐渐适应或有能力分辨咖啡因的苦味。结合语境可知,此处指咖啡带来的积极作用不断加深人们对苦味的接受度,因此本空应填入具有“加强,巩固”含义的名词,L) reinforcement(加强,巩固)符合文意,故为答案。",,演示,1,是
2024级英语1班,13,S4验收演示单元,1,阅读 · 选词填空（第 10 周真题）,阅读,8,否,四级,选词填空,"It may sound surprising, but people who are supersensitive to coffee's bitter taste actually drink more of it, a new study finds.
This sensitivity isn't (26) a matter of taste, either, but rather is influenced by a person's genetic makeup, the researchers said in the study.
“You'd expect that people who are particularly sensitive to the bitter taste of caffeine would drink less coffee,” said study senior researcher Marilyn Cornelis. “The (27) results of our study suggest coffee consumers acquire a taste for or an ability to detect the bitterness of caffeine due to the learned positive (28) brought out by caffeine.”
Put another way, people who have a (29) ability to taste the bitterness of coffee learn to associate “good things with it,” Cornelis said. This finding is surprising, given that bitterness often serves as a warning mechanism to (30) people to spit out harmful substances, scientists said.
Researchers conducted the study to understand how genetics influences people's (31) of tea, coffee and alcohol which tend to taste bitter, said lead study researcher Jue Sheng Ong.
“While all bitter flavors may seem the same, we (32) the bitterness of Brussels sprouts (抱子甘蓝), quinine (奎宁) and caffeine (33),” Ong told Live Science. “The degree to which we find these flavors bitter is, in part, determined by your genes.”
People with the genes to taste the bitterness of green vegetables are more likely to prefer tea to coffee. In (34), people who were more sensitive to quinine's bitter flavors and those found in green vegetables tended to (35) coffee.

【本题第 29 空】(29)",addition|approximately|avoid|consumption|converted|convince|heightened|omission|opposite|perceive|prospect|reinforcement|separately|simply|targeted,G,"heightened adj. 增强的,提高的","【答案】heightened adj. 增强的,提高的
【语法分析】空格前为不定冠词 a,空格后为名词 ability,因此本空应填入形容词作定语,修饰名词。
【语义判断】空格所在句指出,换句话说,那些对咖啡苦味感知______人,会将“美好的体验与它”联系起来。结合句意可知,此处形容人们感知苦味的能力有所提升,因此本空应填入具有“增强的,提高的”含义的形容词,G) heightened(增强的,提高的)符合文意,故为答案。",,演示,1,是
2024级英语1班,13,S4验收演示单元,1,阅读 · 选词填空（第 10 周真题）,阅读,8,否,四级,选词填空,"It may sound surprising, but people who are supersensitive to coffee's bitter taste actually drink more of it, a new study finds.
This sensitivity isn't (26) a matter of taste, either, but rather is influenced by a person's genetic makeup, the researchers said in the study.
“You'd expect that people who are particularly sensitive to the bitter taste of caffeine would drink less coffee,” said study senior researcher Marilyn Cornelis. “The (27) results of our study suggest coffee consumers acquire a taste for or an ability to detect the bitterness of caffeine due to the learned positive (28) brought out by caffeine.”
Put another way, people who have a (29) ability to taste the bitterness of coffee learn to associate “good things with it,” Cornelis said. This finding is surprising, given that bitterness often serves as a warning mechanism to (30) people to spit out harmful substances, scientists said.
Researchers conducted the study to understand how genetics influences people's (31) of tea, coffee and alcohol which tend to taste bitter, said lead study researcher Jue Sheng Ong.
“While all bitter flavors may seem the same, we (32) the bitterness of Brussels sprouts (抱子甘蓝), quinine (奎宁) and caffeine (33),” Ong told Live Science. “The degree to which we find these flavors bitter is, in part, determined by your genes.”
People with the genes to taste the bitterness of green vegetables are more likely to prefer tea to coffee. In (34), people who were more sensitive to quinine's bitter flavors and those found in green vegetables tended to (35) coffee.

【本题第 30 空】(30)",addition|approximately|avoid|consumption|converted|convince|heightened|omission|opposite|perceive|prospect|reinforcement|separately|simply|targeted,F,"convince v. 说服,劝说;使信服","【答案】convince v. 说服,劝说;使信服
【语法分析】空格前为不定式符号 to,空格后为名词 people,因此本空应填入动词原形。
【语义判断】空格所在句指出,科学家指出,这一发现令人意外,因为苦味通常是一种警示机制,______人们吐出有害物质。结合常识与句意可知,苦味会让人产生警觉、劝使人们吐出有害物质,因此本空应填入具有“说服,劝说”含义的动词原形,F) convince(说服,劝说;使信服)符合文意,故为答案。",,演示,1,是
2024级英语1班,13,S4验收演示单元,1,阅读 · 选词填空（第 10 周真题）,阅读,8,否,四级,选词填空,"It may sound surprising, but people who are supersensitive to coffee's bitter taste actually drink more of it, a new study finds.
This sensitivity isn't (26) a matter of taste, either, but rather is influenced by a person's genetic makeup, the researchers said in the study.
“You'd expect that people who are particularly sensitive to the bitter taste of caffeine would drink less coffee,” said study senior researcher Marilyn Cornelis. “The (27) results of our study suggest coffee consumers acquire a taste for or an ability to detect the bitterness of caffeine due to the learned positive (28) brought out by caffeine.”
Put another way, people who have a (29) ability to taste the bitterness of coffee learn to associate “good things with it,” Cornelis said. This finding is surprising, given that bitterness often serves as a warning mechanism to (30) people to spit out harmful substances, scientists said.
Researchers conducted the study to understand how genetics influences people's (31) of tea, coffee and alcohol which tend to taste bitter, said lead study researcher Jue Sheng Ong.
“While all bitter flavors may seem the same, we (32) the bitterness of Brussels sprouts (抱子甘蓝), quinine (奎宁) and caffeine (33),” Ong told Live Science. “The degree to which we find these flavors bitter is, in part, determined by your genes.”
People with the genes to taste the bitterness of green vegetables are more likely to prefer tea to coffee. In (34), people who were more sensitive to quinine's bitter flavors and those found in green vegetables tended to (35) coffee.

【本题第 31 空】(31)",addition|approximately|avoid|consumption|converted|convince|heightened|omission|opposite|perceive|prospect|reinforcement|separately|simply|targeted,D,"consumption n. 饮用,食用","【答案】consumption n. 饮用,食用
【语法分析】空格前为名词所有格 people's,空格后为介词 of,因此本空应填入名词。
【语义判断】空格所在句指出,据该研究的主要研究员翁祖胜介绍,研究人员开展这项研究是为了了解基因如何影响人们对茶、咖啡和酒精等通常带有苦味饮品的______。结合后文提及的喝咖啡、饮酒等行为可知,此处指饮品的饮用,因此本空应填入具有“饮用”含义的名词,D) consumption(饮用,食用)符合文意,故为答案。",,演示,1,是
2024级英语1班,13,S4验收演示单元,1,阅读 · 选词填空（第 10 周真题）,阅读,8,否,四级,选词填空,"It may sound surprising, but people who are supersensitive to coffee's bitter taste actually drink more of it, a new study finds.
This sensitivity isn't (26) a matter of taste, either, but rather is influenced by a person's genetic makeup, the researchers said in the study.
“You'd expect that people who are particularly sensitive to the bitter taste of caffeine would drink less coffee,” said study senior researcher Marilyn Cornelis. “The (27) results of our study suggest coffee consumers acquire a taste for or an ability to detect the bitterness of caffeine due to the learned positive (28) brought out by caffeine.”
Put another way, people who have a (29) ability to taste the bitterness of coffee learn to associate “good things with it,” Cornelis said. This finding is surprising, given that bitterness often serves as a warning mechanism to (30) people to spit out harmful substances, scientists said.
Researchers conducted the study to understand how genetics influences people's (31) of tea, coffee and alcohol which tend to taste bitter, said lead study researcher Jue Sheng Ong.
“While all bitter flavors may seem the same, we (32) the bitterness of Brussels sprouts (抱子甘蓝), quinine (奎宁) and caffeine (33),” Ong told Live Science. “The degree to which we find these flavors bitter is, in part, determined by your genes.”
People with the genes to taste the bitterness of green vegetables are more likely to prefer tea to coffee. In (34), people who were more sensitive to quinine's bitter flavors and those found in green vegetables tended to (35) coffee.

【本题第 32 空】(32)",addition|approximately|avoid|consumption|converted|convince|heightened|omission|opposite|perceive|prospect|reinforcement|separately|simply|targeted,J,"perceive v. 感知到,察觉到","【答案】perceive v. 感知到,察觉到
【语法分析】空格前为句子的主语 we,空格后为宾语 the bitterness,句子缺少谓语动词,因此本空应填入动词原形。
【语义判断】空格所在句指出,虽然所有苦味尝起来似乎都一样,但我们能______抱子甘蓝、奎宁和咖啡因的苦味______。结合句意可知,此处表达人体分辨、感受不同苦味的含义,因此本空应填入具有“感知到,察觉到”含义的动词,J) perceive(感知到,察觉到)符合文意,故为答案。",,演示,1,是
2024级英语1班,13,S4验收演示单元,1,阅读 · 选词填空（第 10 周真题）,阅读,8,否,四级,选词填空,"It may sound surprising, but people who are supersensitive to coffee's bitter taste actually drink more of it, a new study finds.
This sensitivity isn't (26) a matter of taste, either, but rather is influenced by a person's genetic makeup, the researchers said in the study.
“You'd expect that people who are particularly sensitive to the bitter taste of caffeine would drink less coffee,” said study senior researcher Marilyn Cornelis. “The (27) results of our study suggest coffee consumers acquire a taste for or an ability to detect the bitterness of caffeine due to the learned positive (28) brought out by caffeine.”
Put another way, people who have a (29) ability to taste the bitterness of coffee learn to associate “good things with it,” Cornelis said. This finding is surprising, given that bitterness often serves as a warning mechanism to (30) people to spit out harmful substances, scientists said.
Researchers conducted the study to understand how genetics influences people's (31) of tea, coffee and alcohol which tend to taste bitter, said lead study researcher Jue Sheng Ong.
“While all bitter flavors may seem the same, we (32) the bitterness of Brussels sprouts (抱子甘蓝), quinine (奎宁) and caffeine (33),” Ong told Live Science. “The degree to which we find these flavors bitter is, in part, determined by your genes.”
People with the genes to taste the bitterness of green vegetables are more likely to prefer tea to coffee. In (34), people who were more sensitive to quinine's bitter flavors and those found in green vegetables tended to (35) coffee.

【本题第 33 空】(33)",addition|approximately|avoid|consumption|converted|convince|heightened|omission|opposite|perceive|prospect|reinforcement|separately|simply|targeted,M,"separately adv. 分别地,单独地","【答案】separately adv. 分别地,单独地
【语法分析】空格所在句成分完整,空格位于句末,因此本空应填入副词作状语。
【语义判断】空格所在句指出,虽然所有苦味尝起来似乎都一样,但我们能感知到抱子甘蓝、奎宁和咖啡因的苦味______。结合句意可知,人们可以区分开不同物质的苦味,因此本空应填入具有“分别地”含义的副词,M) separately(分别地,单独地)符合文意,故为答案。",,演示,1,是
2024级英语1班,13,S4验收演示单元,1,阅读 · 选词填空（第 10 周真题）,阅读,8,否,四级,选词填空,"It may sound surprising, but people who are supersensitive to coffee's bitter taste actually drink more of it, a new study finds.
This sensitivity isn't (26) a matter of taste, either, but rather is influenced by a person's genetic makeup, the researchers said in the study.
“You'd expect that people who are particularly sensitive to the bitter taste of caffeine would drink less coffee,” said study senior researcher Marilyn Cornelis. “The (27) results of our study suggest coffee consumers acquire a taste for or an ability to detect the bitterness of caffeine due to the learned positive (28) brought out by caffeine.”
Put another way, people who have a (29) ability to taste the bitterness of coffee learn to associate “good things with it,” Cornelis said. This finding is surprising, given that bitterness often serves as a warning mechanism to (30) people to spit out harmful substances, scientists said.
Researchers conducted the study to understand how genetics influences people's (31) of tea, coffee and alcohol which tend to taste bitter, said lead study researcher Jue Sheng Ong.
“While all bitter flavors may seem the same, we (32) the bitterness of Brussels sprouts (抱子甘蓝), quinine (奎宁) and caffeine (33),” Ong told Live Science. “The degree to which we find these flavors bitter is, in part, determined by your genes.”
People with the genes to taste the bitterness of green vegetables are more likely to prefer tea to coffee. In (34), people who were more sensitive to quinine's bitter flavors and those found in green vegetables tended to (35) coffee.

【本题第 34 空】(34)",addition|approximately|avoid|consumption|converted|convince|heightened|omission|opposite|perceive|prospect|reinforcement|separately|simply|targeted,A,addition n. 增加;增加物,"【答案】addition n. 增加;增加物
【语法分析】空格前为介词 In,空格后为逗号,因此本空应填入名词构成固定短语,作状语。
【语义判断】空格所在句指出,______,对奎宁苦味更敏感以及对绿叶蔬菜苦味更敏感的人往往会______咖啡。前文介绍了一类人群的喜好,本句补充另一类人群的特点,in addition 为固定短语,意为“此外,另外”,A) addition(增加;增加物)符合文意,故为答案。",,演示,1,是
2024级英语1班,13,S4验收演示单元,1,阅读 · 选词填空（第 10 周真题）,阅读,8,否,四级,选词填空,"It may sound surprising, but people who are supersensitive to coffee's bitter taste actually drink more of it, a new study finds.
This sensitivity isn't (26) a matter of taste, either, but rather is influenced by a person's genetic makeup, the researchers said in the study.
“You'd expect that people who are particularly sensitive to the bitter taste of caffeine would drink less coffee,” said study senior researcher Marilyn Cornelis. “The (27) results of our study suggest coffee consumers acquire a taste for or an ability to detect the bitterness of caffeine due to the learned positive (28) brought out by caffeine.”
Put another way, people who have a (29) ability to taste the bitterness of coffee learn to associate “good things with it,” Cornelis said. This finding is surprising, given that bitterness often serves as a warning mechanism to (30) people to spit out harmful substances, scientists said.
Researchers conducted the study to understand how genetics influences people's (31) of tea, coffee and alcohol which tend to taste bitter, said lead study researcher Jue Sheng Ong.
“While all bitter flavors may seem the same, we (32) the bitterness of Brussels sprouts (抱子甘蓝), quinine (奎宁) and caffeine (33),” Ong told Live Science. “The degree to which we find these flavors bitter is, in part, determined by your genes.”
People with the genes to taste the bitterness of green vegetables are more likely to prefer tea to coffee. In (34), people who were more sensitive to quinine's bitter flavors and those found in green vegetables tended to (35) coffee.

【本题第 35 空】(35)",addition|approximately|avoid|consumption|converted|convince|heightened|omission|opposite|perceive|prospect|reinforcement|separately|simply|targeted,C,"avoid v. 避开,回避","【答案】avoid v. 避开,回避
【语法分析】空格前为不定式的标志词 to,空格后为名词 coffee,因此本空应填入动词原形,tend to do sth. 为固定搭配,意为“倾向于做某事,往往做某事”。
【语义判断】空格所在句指出,此外,对奎宁苦味更敏感以及对绿叶蔬菜苦味更敏感的人往往会______咖啡。结合前文研究结论可知,这类对特定苦味敏感的人会不喜欢咖啡、刻意避开咖啡,因此本空应填入具有“避开”含义的动词原形,C) avoid(避开,回避)符合文意,故为答案。",,演示,1,是
2024级英语1班,13,S4验收演示单元,2,阅读 · 段落匹配（第 10 周真题）,阅读,10,否,四级,段落匹配,"Exercise and Dementia
A) If this doesn't encourage you to squeeze in a workout today, nothing will: a new study from Sweden shows that women who were highly fit in mid-life were nearly 90% less likely to get dementia (失智) decades later.
B) After initial exercise tests in middle age, researchers followed the women for 44 years. Both groups lived just as long, but those who could ride an exercise bike at a fast rate for 6 minutes in the initial test had a much lower risk of dementia later on than those who couldn't complete the workout.
C) The study, published Wednesday in the journal Neurology, couldn't prove that exercise prevented dementia, and the findings aren't a surprise—it's long been known there's a correlation between exercise and decreased dementia risk—but the results were particularly dramatic. About 5% of the women with the highest peak workload—those who were able to bike the hardest over those 6 minutes—developed dementia, compared to 25% of those with medium fitness and 45% who weren't fit enough to finish the test, the study found. Overall, women who were highly fit compared to those who were moderately fit decreased their risk of dementia by 88%. The few highly fit women who did develop dementia became symptomatic at age 90 on average, 11 years later than the moderately fit.
D) “I'm very surprised that the finding was so strong,” said Ingmar Skoog, the paper's senior author and a psychiatry (精神病学) professor at The University of Gothenburg in Sweden. “It really shows the importance of exercise.”
E) Dementia, as defined in medical dictionaries, is a broad term that describes a loss of thinking ability, memory, attention, logical reasoning, and other mental abilities. These changes are severe enough to interfere with social or occupational functioning. Dementia isn't a disease. Instead, it's a group of symptoms caused by other conditions. It happens when the parts of your brain used for learning, memory, decision making, and language are damaged or diseased. About 5%-8% of adults over age 65 have some form of dementia. This percentage doubles every 5 years after 65. As many as half of people in their 80s have some dementia.
F) Dementia is not temporary confusion or forgetfulness that might result from an infection that heals without treatment. It can also come from an underlying (潜在的) illness or side effects of medications. Dementia typically gets worse over time. People with dementia have problems with thinking and remembering that affect their ability to manage their daily life.
G) Dementia is typically associated with declines in cognitive function. Yet researchers have found an association between dementia and declines in hearing and other basic sensory functions.
H) Though the study mentioned above was fairly small (only 191 women took the initial fitness test, which means it's hard to maintain statistical significance while breaking the group down into sub-categories of more or less fit), it does give us hope that dementia can be prevented or delayed through exercise in one's middle age.
I) Alzheimer's (阿尔茨海默症) and other dementias are believed to begin 15-20 years before symptoms even appear, so it makes sense that exercising in mid-life would affect the risk, Skoog said. Exercise alone is not likely to prevent Alzheimer's, but the study shows people are not helpless in the face of one of the most feared, costliest and common diseases of old age, he added. And the same activities that help prevent Alzheimer's—including avoiding smoking, getting adequate exercise and sleep and eating a healthy diet—also prevent heart disease, he said, making them even more worthwhile. “You can do something yourself to decrease your odds,” Skoog said.
J) Maintaining a healthy lifestyle in mid-life, decades before disease sets in, makes sense, said David Knopman, a fellow of the American Academy of Neurology, who was not involved in the study. “I suspect it's a dose,” said Knopman, also associate director of the Alzheimer's Disease Research Center at Mayo Clinic in Rochester, Minnesota. “Starting in late life is better than not starting at all, but starting in mid-life seems to offer a larger benefit.”
K) Although it is not entirely clear why exercise helps put off or prevent Alzheimer's, Knopman said it's likely that exercise maintains good blood flow to the brain. “When the brain is healthier from a vascular (血管的) point of view, it can absorb more Alzheimer's pathogen (病原体) before people become symptomatic,” he said.
L) The message isn't that everyone needs to run marathons in middle age, Knopman said, but a healthy lifestyle pays off.
M) This type of study can't say exactly what kind of exercise is best, or how much is needed—only a study that has a placebo (安慰剂) group and tracks people going forward can do that, said Keith Fargo, director of scientific programs and outreach at the non-profit Alzheimer's Association. “The literature has not yet settled on an amount or type of exercise that is going to be key, although the bulk of literature has suggested that aerobic (有氧的) exercise is what you need to be doing,” he said. That doesn't mean you have to compete in marathons but “more than a 10-min dog walk” would be a good idea, Fargo said.
N) Several lifestyle studies are getting underway soon, including one backed by the Alzheimer's Association called the US POINTER study, which will offer at-risk adults, ages 60-79, a series of lifestyle interventions (干预) to see if they impact Alzheimer's risk. That and other Alzheimer's-related studies are always looking for volunteers to participate, he said.
O) In the next three to five years, these studies should allow researchers to provide clearer recommendations for exercise and other lifestyle modifications that might reduce Alzheimer's risk, such as sleep, diet and social activities, Fargo said. But it's already quite clear that exercising at any point in life is better for your brain than not exercising at all, Fargo added.
P) “If you don't want to have dementia when you're 80, the time to start getting fit is now,” he said. “It may not necessarily give you a longer life, but there's a compelling body of work that it will give you more good years.”

【第 36 题】It is typical for dementia to worsen with the passage of time.",A|B|C|D|E|F|G|H|I|J|K|L|M|N|O|P,F,,"答案为 F)。该段第 3 句提到,失智的病情通常会随时间不断加重。由此可知,题干是对该句信息的同义转述,题干中的 typical 对应原文中的 typically;worsen with the passage of time 对应 gets worse over time。",,演示,1,是
2024级英语1班,13,S4验收演示单元,2,阅读 · 段落匹配（第 10 周真题）,阅读,10,否,四级,段落匹配,"Exercise and Dementia
A) If this doesn't encourage you to squeeze in a workout today, nothing will: a new study from Sweden shows that women who were highly fit in mid-life were nearly 90% less likely to get dementia (失智) decades later.
B) After initial exercise tests in middle age, researchers followed the women for 44 years. Both groups lived just as long, but those who could ride an exercise bike at a fast rate for 6 minutes in the initial test had a much lower risk of dementia later on than those who couldn't complete the workout.
C) The study, published Wednesday in the journal Neurology, couldn't prove that exercise prevented dementia, and the findings aren't a surprise—it's long been known there's a correlation between exercise and decreased dementia risk—but the results were particularly dramatic. About 5% of the women with the highest peak workload—those who were able to bike the hardest over those 6 minutes—developed dementia, compared to 25% of those with medium fitness and 45% who weren't fit enough to finish the test, the study found. Overall, women who were highly fit compared to those who were moderately fit decreased their risk of dementia by 88%. The few highly fit women who did develop dementia became symptomatic at age 90 on average, 11 years later than the moderately fit.
D) “I'm very surprised that the finding was so strong,” said Ingmar Skoog, the paper's senior author and a psychiatry (精神病学) professor at The University of Gothenburg in Sweden. “It really shows the importance of exercise.”
E) Dementia, as defined in medical dictionaries, is a broad term that describes a loss of thinking ability, memory, attention, logical reasoning, and other mental abilities. These changes are severe enough to interfere with social or occupational functioning. Dementia isn't a disease. Instead, it's a group of symptoms caused by other conditions. It happens when the parts of your brain used for learning, memory, decision making, and language are damaged or diseased. About 5%-8% of adults over age 65 have some form of dementia. This percentage doubles every 5 years after 65. As many as half of people in their 80s have some dementia.
F) Dementia is not temporary confusion or forgetfulness that might result from an infection that heals without treatment. It can also come from an underlying (潜在的) illness or side effects of medications. Dementia typically gets worse over time. People with dementia have problems with thinking and remembering that affect their ability to manage their daily life.
G) Dementia is typically associated with declines in cognitive function. Yet researchers have found an association between dementia and declines in hearing and other basic sensory functions.
H) Though the study mentioned above was fairly small (only 191 women took the initial fitness test, which means it's hard to maintain statistical significance while breaking the group down into sub-categories of more or less fit), it does give us hope that dementia can be prevented or delayed through exercise in one's middle age.
I) Alzheimer's (阿尔茨海默症) and other dementias are believed to begin 15-20 years before symptoms even appear, so it makes sense that exercising in mid-life would affect the risk, Skoog said. Exercise alone is not likely to prevent Alzheimer's, but the study shows people are not helpless in the face of one of the most feared, costliest and common diseases of old age, he added. And the same activities that help prevent Alzheimer's—including avoiding smoking, getting adequate exercise and sleep and eating a healthy diet—also prevent heart disease, he said, making them even more worthwhile. “You can do something yourself to decrease your odds,” Skoog said.
J) Maintaining a healthy lifestyle in mid-life, decades before disease sets in, makes sense, said David Knopman, a fellow of the American Academy of Neurology, who was not involved in the study. “I suspect it's a dose,” said Knopman, also associate director of the Alzheimer's Disease Research Center at Mayo Clinic in Rochester, Minnesota. “Starting in late life is better than not starting at all, but starting in mid-life seems to offer a larger benefit.”
K) Although it is not entirely clear why exercise helps put off or prevent Alzheimer's, Knopman said it's likely that exercise maintains good blood flow to the brain. “When the brain is healthier from a vascular (血管的) point of view, it can absorb more Alzheimer's pathogen (病原体) before people become symptomatic,” he said.
L) The message isn't that everyone needs to run marathons in middle age, Knopman said, but a healthy lifestyle pays off.
M) This type of study can't say exactly what kind of exercise is best, or how much is needed—only a study that has a placebo (安慰剂) group and tracks people going forward can do that, said Keith Fargo, director of scientific programs and outreach at the non-profit Alzheimer's Association. “The literature has not yet settled on an amount or type of exercise that is going to be key, although the bulk of literature has suggested that aerobic (有氧的) exercise is what you need to be doing,” he said. That doesn't mean you have to compete in marathons but “more than a 10-min dog walk” would be a good idea, Fargo said.
N) Several lifestyle studies are getting underway soon, including one backed by the Alzheimer's Association called the US POINTER study, which will offer at-risk adults, ages 60-79, a series of lifestyle interventions (干预) to see if they impact Alzheimer's risk. That and other Alzheimer's-related studies are always looking for volunteers to participate, he said.
O) In the next three to five years, these studies should allow researchers to provide clearer recommendations for exercise and other lifestyle modifications that might reduce Alzheimer's risk, such as sleep, diet and social activities, Fargo said. But it's already quite clear that exercising at any point in life is better for your brain than not exercising at all, Fargo added.
P) “If you don't want to have dementia when you're 80, the time to start getting fit is now,” he said. “It may not necessarily give you a longer life, but there's a compelling body of work that it will give you more good years.”

【第 37 题】According to Knopman, the study gives the message that a healthy lifestyle is beneficial, but not that all the middle-aged need heavy exercise.",A|B|C|D|E|F|G|H|I|J|K|L|M|N|O|P,L,,"答案为 L)。该段提到,诺普曼说,要传递的信息并非人人都得在中年跑马拉松,而是一种健康的生活方式会有回报。由此可知,题干是对该段信息的概括总结,题干中的 knopman 和 the message 是原词复现;a healthy lifestyle is beneficial 对应原文中的 a healthy lifestyle pays off;the middle-aged 对应 in middle age;heavy exercise 在此语境中对应 run marathons。",,演示,1,是
2024级英语1班,13,S4验收演示单元,2,阅读 · 段落匹配（第 10 周真题）,阅读,10,否,四级,段落匹配,"Exercise and Dementia
A) If this doesn't encourage you to squeeze in a workout today, nothing will: a new study from Sweden shows that women who were highly fit in mid-life were nearly 90% less likely to get dementia (失智) decades later.
B) After initial exercise tests in middle age, researchers followed the women for 44 years. Both groups lived just as long, but those who could ride an exercise bike at a fast rate for 6 minutes in the initial test had a much lower risk of dementia later on than those who couldn't complete the workout.
C) The study, published Wednesday in the journal Neurology, couldn't prove that exercise prevented dementia, and the findings aren't a surprise—it's long been known there's a correlation between exercise and decreased dementia risk—but the results were particularly dramatic. About 5% of the women with the highest peak workload—those who were able to bike the hardest over those 6 minutes—developed dementia, compared to 25% of those with medium fitness and 45% who weren't fit enough to finish the test, the study found. Overall, women who were highly fit compared to those who were moderately fit decreased their risk of dementia by 88%. The few highly fit women who did develop dementia became symptomatic at age 90 on average, 11 years later than the moderately fit.
D) “I'm very surprised that the finding was so strong,” said Ingmar Skoog, the paper's senior author and a psychiatry (精神病学) professor at The University of Gothenburg in Sweden. “It really shows the importance of exercise.”
E) Dementia, as defined in medical dictionaries, is a broad term that describes a loss of thinking ability, memory, attention, logical reasoning, and other mental abilities. These changes are severe enough to interfere with social or occupational functioning. Dementia isn't a disease. Instead, it's a group of symptoms caused by other conditions. It happens when the parts of your brain used for learning, memory, decision making, and language are damaged or diseased. About 5%-8% of adults over age 65 have some form of dementia. This percentage doubles every 5 years after 65. As many as half of people in their 80s have some dementia.
F) Dementia is not temporary confusion or forgetfulness that might result from an infection that heals without treatment. It can also come from an underlying (潜在的) illness or side effects of medications. Dementia typically gets worse over time. People with dementia have problems with thinking and remembering that affect their ability to manage their daily life.
G) Dementia is typically associated with declines in cognitive function. Yet researchers have found an association between dementia and declines in hearing and other basic sensory functions.
H) Though the study mentioned above was fairly small (only 191 women took the initial fitness test, which means it's hard to maintain statistical significance while breaking the group down into sub-categories of more or less fit), it does give us hope that dementia can be prevented or delayed through exercise in one's middle age.
I) Alzheimer's (阿尔茨海默症) and other dementias are believed to begin 15-20 years before symptoms even appear, so it makes sense that exercising in mid-life would affect the risk, Skoog said. Exercise alone is not likely to prevent Alzheimer's, but the study shows people are not helpless in the face of one of the most feared, costliest and common diseases of old age, he added. And the same activities that help prevent Alzheimer's—including avoiding smoking, getting adequate exercise and sleep and eating a healthy diet—also prevent heart disease, he said, making them even more worthwhile. “You can do something yourself to decrease your odds,” Skoog said.
J) Maintaining a healthy lifestyle in mid-life, decades before disease sets in, makes sense, said David Knopman, a fellow of the American Academy of Neurology, who was not involved in the study. “I suspect it's a dose,” said Knopman, also associate director of the Alzheimer's Disease Research Center at Mayo Clinic in Rochester, Minnesota. “Starting in late life is better than not starting at all, but starting in mid-life seems to offer a larger benefit.”
K) Although it is not entirely clear why exercise helps put off or prevent Alzheimer's, Knopman said it's likely that exercise maintains good blood flow to the brain. “When the brain is healthier from a vascular (血管的) point of view, it can absorb more Alzheimer's pathogen (病原体) before people become symptomatic,” he said.
L) The message isn't that everyone needs to run marathons in middle age, Knopman said, but a healthy lifestyle pays off.
M) This type of study can't say exactly what kind of exercise is best, or how much is needed—only a study that has a placebo (安慰剂) group and tracks people going forward can do that, said Keith Fargo, director of scientific programs and outreach at the non-profit Alzheimer's Association. “The literature has not yet settled on an amount or type of exercise that is going to be key, although the bulk of literature has suggested that aerobic (有氧的) exercise is what you need to be doing,” he said. That doesn't mean you have to compete in marathons but “more than a 10-min dog walk” would be a good idea, Fargo said.
N) Several lifestyle studies are getting underway soon, including one backed by the Alzheimer's Association called the US POINTER study, which will offer at-risk adults, ages 60-79, a series of lifestyle interventions (干预) to see if they impact Alzheimer's risk. That and other Alzheimer's-related studies are always looking for volunteers to participate, he said.
O) In the next three to five years, these studies should allow researchers to provide clearer recommendations for exercise and other lifestyle modifications that might reduce Alzheimer's risk, such as sleep, diet and social activities, Fargo said. But it's already quite clear that exercising at any point in life is better for your brain than not exercising at all, Fargo added.
P) “If you don't want to have dementia when you're 80, the time to start getting fit is now,” he said. “It may not necessarily give you a longer life, but there's a compelling body of work that it will give you more good years.”

【第 38 题】The results of a new study will encourage middle-aged women to find time exercising however busy they are.",A|B|C|D|E|F|G|H|I|J|K|L|M|N|O|P,A,,"答案为 A)。该段提到,如果这还不能鼓励你今天挤出时间锻炼,那恐怕没什么能这么做了:瑞典一项新研究显示,中年时期体能极佳的女性,数十年后患失智的概率降低近 90%。也就是说,新研究鼓励中年女性抽时间锻炼。由此可知,题干是对该段信息的同义转述,题干中的 new study 和 encourage 是原词复现;middle-aged women 对应原文中的 women...in mid-life;find time exercising however busy they are 对应 squeeze in a workout。",,演示,1,是
2024级英语1班,13,S4验收演示单元,2,阅读 · 段落匹配（第 10 周真题）,阅读,10,否,四级,段落匹配,"Exercise and Dementia
A) If this doesn't encourage you to squeeze in a workout today, nothing will: a new study from Sweden shows that women who were highly fit in mid-life were nearly 90% less likely to get dementia (失智) decades later.
B) After initial exercise tests in middle age, researchers followed the women for 44 years. Both groups lived just as long, but those who could ride an exercise bike at a fast rate for 6 minutes in the initial test had a much lower risk of dementia later on than those who couldn't complete the workout.
C) The study, published Wednesday in the journal Neurology, couldn't prove that exercise prevented dementia, and the findings aren't a surprise—it's long been known there's a correlation between exercise and decreased dementia risk—but the results were particularly dramatic. About 5% of the women with the highest peak workload—those who were able to bike the hardest over those 6 minutes—developed dementia, compared to 25% of those with medium fitness and 45% who weren't fit enough to finish the test, the study found. Overall, women who were highly fit compared to those who were moderately fit decreased their risk of dementia by 88%. The few highly fit women who did develop dementia became symptomatic at age 90 on average, 11 years later than the moderately fit.
D) “I'm very surprised that the finding was so strong,” said Ingmar Skoog, the paper's senior author and a psychiatry (精神病学) professor at The University of Gothenburg in Sweden. “It really shows the importance of exercise.”
E) Dementia, as defined in medical dictionaries, is a broad term that describes a loss of thinking ability, memory, attention, logical reasoning, and other mental abilities. These changes are severe enough to interfere with social or occupational functioning. Dementia isn't a disease. Instead, it's a group of symptoms caused by other conditions. It happens when the parts of your brain used for learning, memory, decision making, and language are damaged or diseased. About 5%-8% of adults over age 65 have some form of dementia. This percentage doubles every 5 years after 65. As many as half of people in their 80s have some dementia.
F) Dementia is not temporary confusion or forgetfulness that might result from an infection that heals without treatment. It can also come from an underlying (潜在的) illness or side effects of medications. Dementia typically gets worse over time. People with dementia have problems with thinking and remembering that affect their ability to manage their daily life.
G) Dementia is typically associated with declines in cognitive function. Yet researchers have found an association between dementia and declines in hearing and other basic sensory functions.
H) Though the study mentioned above was fairly small (only 191 women took the initial fitness test, which means it's hard to maintain statistical significance while breaking the group down into sub-categories of more or less fit), it does give us hope that dementia can be prevented or delayed through exercise in one's middle age.
I) Alzheimer's (阿尔茨海默症) and other dementias are believed to begin 15-20 years before symptoms even appear, so it makes sense that exercising in mid-life would affect the risk, Skoog said. Exercise alone is not likely to prevent Alzheimer's, but the study shows people are not helpless in the face of one of the most feared, costliest and common diseases of old age, he added. And the same activities that help prevent Alzheimer's—including avoiding smoking, getting adequate exercise and sleep and eating a healthy diet—also prevent heart disease, he said, making them even more worthwhile. “You can do something yourself to decrease your odds,” Skoog said.
J) Maintaining a healthy lifestyle in mid-life, decades before disease sets in, makes sense, said David Knopman, a fellow of the American Academy of Neurology, who was not involved in the study. “I suspect it's a dose,” said Knopman, also associate director of the Alzheimer's Disease Research Center at Mayo Clinic in Rochester, Minnesota. “Starting in late life is better than not starting at all, but starting in mid-life seems to offer a larger benefit.”
K) Although it is not entirely clear why exercise helps put off or prevent Alzheimer's, Knopman said it's likely that exercise maintains good blood flow to the brain. “When the brain is healthier from a vascular (血管的) point of view, it can absorb more Alzheimer's pathogen (病原体) before people become symptomatic,” he said.
L) The message isn't that everyone needs to run marathons in middle age, Knopman said, but a healthy lifestyle pays off.
M) This type of study can't say exactly what kind of exercise is best, or how much is needed—only a study that has a placebo (安慰剂) group and tracks people going forward can do that, said Keith Fargo, director of scientific programs and outreach at the non-profit Alzheimer's Association. “The literature has not yet settled on an amount or type of exercise that is going to be key, although the bulk of literature has suggested that aerobic (有氧的) exercise is what you need to be doing,” he said. That doesn't mean you have to compete in marathons but “more than a 10-min dog walk” would be a good idea, Fargo said.
N) Several lifestyle studies are getting underway soon, including one backed by the Alzheimer's Association called the US POINTER study, which will offer at-risk adults, ages 60-79, a series of lifestyle interventions (干预) to see if they impact Alzheimer's risk. That and other Alzheimer's-related studies are always looking for volunteers to participate, he said.
O) In the next three to five years, these studies should allow researchers to provide clearer recommendations for exercise and other lifestyle modifications that might reduce Alzheimer's risk, such as sleep, diet and social activities, Fargo said. But it's already quite clear that exercising at any point in life is better for your brain than not exercising at all, Fargo added.
P) “If you don't want to have dementia when you're 80, the time to start getting fit is now,” he said. “It may not necessarily give you a longer life, but there's a compelling body of work that it will give you more good years.”

【第 39 题】Hopefully, one can postpone or prevent dementia by exercising in their mid-life.",A|B|C|D|E|F|G|H|I|J|K|L|M|N|O|P,H,,"答案为 H)。该段提到,……但它确实给了我们希望:通过中年时期的锻炼,失智是可以预防或延缓的。由此可知,题干是对该句信息的同义转述,题干中的 Hopefully 对应原文中的 give us hope;postpone or prevent dementia 对应 dementia can be prevented or delayed; by exercising 对应 through exercise;in their mid-life 对应 in one's middle age。",,演示,1,是
2024级英语1班,13,S4验收演示单元,2,阅读 · 段落匹配（第 10 周真题）,阅读,10,否,四级,段落匹配,"Exercise and Dementia
A) If this doesn't encourage you to squeeze in a workout today, nothing will: a new study from Sweden shows that women who were highly fit in mid-life were nearly 90% less likely to get dementia (失智) decades later.
B) After initial exercise tests in middle age, researchers followed the women for 44 years. Both groups lived just as long, but those who could ride an exercise bike at a fast rate for 6 minutes in the initial test had a much lower risk of dementia later on than those who couldn't complete the workout.
C) The study, published Wednesday in the journal Neurology, couldn't prove that exercise prevented dementia, and the findings aren't a surprise—it's long been known there's a correlation between exercise and decreased dementia risk—but the results were particularly dramatic. About 5% of the women with the highest peak workload—those who were able to bike the hardest over those 6 minutes—developed dementia, compared to 25% of those with medium fitness and 45% who weren't fit enough to finish the test, the study found. Overall, women who were highly fit compared to those who were moderately fit decreased their risk of dementia by 88%. The few highly fit women who did develop dementia became symptomatic at age 90 on average, 11 years later than the moderately fit.
D) “I'm very surprised that the finding was so strong,” said Ingmar Skoog, the paper's senior author and a psychiatry (精神病学) professor at The University of Gothenburg in Sweden. “It really shows the importance of exercise.”
E) Dementia, as defined in medical dictionaries, is a broad term that describes a loss of thinking ability, memory, attention, logical reasoning, and other mental abilities. These changes are severe enough to interfere with social or occupational functioning. Dementia isn't a disease. Instead, it's a group of symptoms caused by other conditions. It happens when the parts of your brain used for learning, memory, decision making, and language are damaged or diseased. About 5%-8% of adults over age 65 have some form of dementia. This percentage doubles every 5 years after 65. As many as half of people in their 80s have some dementia.
F) Dementia is not temporary confusion or forgetfulness that might result from an infection that heals without treatment. It can also come from an underlying (潜在的) illness or side effects of medications. Dementia typically gets worse over time. People with dementia have problems with thinking and remembering that affect their ability to manage their daily life.
G) Dementia is typically associated with declines in cognitive function. Yet researchers have found an association between dementia and declines in hearing and other basic sensory functions.
H) Though the study mentioned above was fairly small (only 191 women took the initial fitness test, which means it's hard to maintain statistical significance while breaking the group down into sub-categories of more or less fit), it does give us hope that dementia can be prevented or delayed through exercise in one's middle age.
I) Alzheimer's (阿尔茨海默症) and other dementias are believed to begin 15-20 years before symptoms even appear, so it makes sense that exercising in mid-life would affect the risk, Skoog said. Exercise alone is not likely to prevent Alzheimer's, but the study shows people are not helpless in the face of one of the most feared, costliest and common diseases of old age, he added. And the same activities that help prevent Alzheimer's—including avoiding smoking, getting adequate exercise and sleep and eating a healthy diet—also prevent heart disease, he said, making them even more worthwhile. “You can do something yourself to decrease your odds,” Skoog said.
J) Maintaining a healthy lifestyle in mid-life, decades before disease sets in, makes sense, said David Knopman, a fellow of the American Academy of Neurology, who was not involved in the study. “I suspect it's a dose,” said Knopman, also associate director of the Alzheimer's Disease Research Center at Mayo Clinic in Rochester, Minnesota. “Starting in late life is better than not starting at all, but starting in mid-life seems to offer a larger benefit.”
K) Although it is not entirely clear why exercise helps put off or prevent Alzheimer's, Knopman said it's likely that exercise maintains good blood flow to the brain. “When the brain is healthier from a vascular (血管的) point of view, it can absorb more Alzheimer's pathogen (病原体) before people become symptomatic,” he said.
L) The message isn't that everyone needs to run marathons in middle age, Knopman said, but a healthy lifestyle pays off.
M) This type of study can't say exactly what kind of exercise is best, or how much is needed—only a study that has a placebo (安慰剂) group and tracks people going forward can do that, said Keith Fargo, director of scientific programs and outreach at the non-profit Alzheimer's Association. “The literature has not yet settled on an amount or type of exercise that is going to be key, although the bulk of literature has suggested that aerobic (有氧的) exercise is what you need to be doing,” he said. That doesn't mean you have to compete in marathons but “more than a 10-min dog walk” would be a good idea, Fargo said.
N) Several lifestyle studies are getting underway soon, including one backed by the Alzheimer's Association called the US POINTER study, which will offer at-risk adults, ages 60-79, a series of lifestyle interventions (干预) to see if they impact Alzheimer's risk. That and other Alzheimer's-related studies are always looking for volunteers to participate, he said.
O) In the next three to five years, these studies should allow researchers to provide clearer recommendations for exercise and other lifestyle modifications that might reduce Alzheimer's risk, such as sleep, diet and social activities, Fargo said. But it's already quite clear that exercising at any point in life is better for your brain than not exercising at all, Fargo added.
P) “If you don't want to have dementia when you're 80, the time to start getting fit is now,” he said. “It may not necessarily give you a longer life, but there's a compelling body of work that it will give you more good years.”

【第 40 题】In a few years, researchers should be able to offer clearer advice on exercise and other lifestyle changes for reducing the incidence of Alzheimer's.",A|B|C|D|E|F|G|H|I|J|K|L|M|N|O|P,O,,"答案为 O)。该段第 1 句提到,在未来三到五年内,这些研究应该能让研究者就运动及其他可能降低阿尔茨海默症风险的生活方式调整(如睡眠、饮食和社交活动)给出更明确的建议。由此可知,题干是对该句信息的同义转述,题干中的 In a few years 对应原文中的 In the next three to five years; offer clearer advice 对应 provide clearer recommendations;other lifestyle changes 对应 other lifestyle modifications; reducing the incidence of Alzheimer's 对应 reduce Alzheimer's risk。",,演示,1,是
2024级英语1班,13,S4验收演示单元,2,阅读 · 段落匹配（第 10 周真题）,阅读,10,否,四级,段落匹配,"Exercise and Dementia
A) If this doesn't encourage you to squeeze in a workout today, nothing will: a new study from Sweden shows that women who were highly fit in mid-life were nearly 90% less likely to get dementia (失智) decades later.
B) After initial exercise tests in middle age, researchers followed the women for 44 years. Both groups lived just as long, but those who could ride an exercise bike at a fast rate for 6 minutes in the initial test had a much lower risk of dementia later on than those who couldn't complete the workout.
C) The study, published Wednesday in the journal Neurology, couldn't prove that exercise prevented dementia, and the findings aren't a surprise—it's long been known there's a correlation between exercise and decreased dementia risk—but the results were particularly dramatic. About 5% of the women with the highest peak workload—those who were able to bike the hardest over those 6 minutes—developed dementia, compared to 25% of those with medium fitness and 45% who weren't fit enough to finish the test, the study found. Overall, women who were highly fit compared to those who were moderately fit decreased their risk of dementia by 88%. The few highly fit women who did develop dementia became symptomatic at age 90 on average, 11 years later than the moderately fit.
D) “I'm very surprised that the finding was so strong,” said Ingmar Skoog, the paper's senior author and a psychiatry (精神病学) professor at The University of Gothenburg in Sweden. “It really shows the importance of exercise.”
E) Dementia, as defined in medical dictionaries, is a broad term that describes a loss of thinking ability, memory, attention, logical reasoning, and other mental abilities. These changes are severe enough to interfere with social or occupational functioning. Dementia isn't a disease. Instead, it's a group of symptoms caused by other conditions. It happens when the parts of your brain used for learning, memory, decision making, and language are damaged or diseased. About 5%-8% of adults over age 65 have some form of dementia. This percentage doubles every 5 years after 65. As many as half of people in their 80s have some dementia.
F) Dementia is not temporary confusion or forgetfulness that might result from an infection that heals without treatment. It can also come from an underlying (潜在的) illness or side effects of medications. Dementia typically gets worse over time. People with dementia have problems with thinking and remembering that affect their ability to manage their daily life.
G) Dementia is typically associated with declines in cognitive function. Yet researchers have found an association between dementia and declines in hearing and other basic sensory functions.
H) Though the study mentioned above was fairly small (only 191 women took the initial fitness test, which means it's hard to maintain statistical significance while breaking the group down into sub-categories of more or less fit), it does give us hope that dementia can be prevented or delayed through exercise in one's middle age.
I) Alzheimer's (阿尔茨海默症) and other dementias are believed to begin 15-20 years before symptoms even appear, so it makes sense that exercising in mid-life would affect the risk, Skoog said. Exercise alone is not likely to prevent Alzheimer's, but the study shows people are not helpless in the face of one of the most feared, costliest and common diseases of old age, he added. And the same activities that help prevent Alzheimer's—including avoiding smoking, getting adequate exercise and sleep and eating a healthy diet—also prevent heart disease, he said, making them even more worthwhile. “You can do something yourself to decrease your odds,” Skoog said.
J) Maintaining a healthy lifestyle in mid-life, decades before disease sets in, makes sense, said David Knopman, a fellow of the American Academy of Neurology, who was not involved in the study. “I suspect it's a dose,” said Knopman, also associate director of the Alzheimer's Disease Research Center at Mayo Clinic in Rochester, Minnesota. “Starting in late life is better than not starting at all, but starting in mid-life seems to offer a larger benefit.”
K) Although it is not entirely clear why exercise helps put off or prevent Alzheimer's, Knopman said it's likely that exercise maintains good blood flow to the brain. “When the brain is healthier from a vascular (血管的) point of view, it can absorb more Alzheimer's pathogen (病原体) before people become symptomatic,” he said.
L) The message isn't that everyone needs to run marathons in middle age, Knopman said, but a healthy lifestyle pays off.
M) This type of study can't say exactly what kind of exercise is best, or how much is needed—only a study that has a placebo (安慰剂) group and tracks people going forward can do that, said Keith Fargo, director of scientific programs and outreach at the non-profit Alzheimer's Association. “The literature has not yet settled on an amount or type of exercise that is going to be key, although the bulk of literature has suggested that aerobic (有氧的) exercise is what you need to be doing,” he said. That doesn't mean you have to compete in marathons but “more than a 10-min dog walk” would be a good idea, Fargo said.
N) Several lifestyle studies are getting underway soon, including one backed by the Alzheimer's Association called the US POINTER study, which will offer at-risk adults, ages 60-79, a series of lifestyle interventions (干预) to see if they impact Alzheimer's risk. That and other Alzheimer's-related studies are always looking for volunteers to participate, he said.
O) In the next three to five years, these studies should allow researchers to provide clearer recommendations for exercise and other lifestyle modifications that might reduce Alzheimer's risk, such as sleep, diet and social activities, Fargo said. But it's already quite clear that exercising at any point in life is better for your brain than not exercising at all, Fargo added.
P) “If you don't want to have dementia when you're 80, the time to start getting fit is now,” he said. “It may not necessarily give you a longer life, but there's a compelling body of work that it will give you more good years.”

【第 41 题】Dementia refers to a loss of multiple mental abilities such as memory and logical reasoning.",A|B|C|D|E|F|G|H|I|J|K|L|M|N|O|P,E,,"答案为 E)。该段第 1 句提到,根据医学词典的定义,失智是一个宽泛的术语,用来描述思维能力、记忆力、注意力、逻辑推理能力及其他心智能力的丧失。由此可知,题干是对该句信息的同义转述,题干中的 Dementia refers 对应原文中的 Dementia, as defined in medical dictionaries;loss of、mental abilities、memory 和 logical reasoning 均是原词复现。",,演示,1,是
2024级英语1班,13,S4验收演示单元,2,阅读 · 段落匹配（第 10 周真题）,阅读,10,否,四级,段落匹配,"Exercise and Dementia
A) If this doesn't encourage you to squeeze in a workout today, nothing will: a new study from Sweden shows that women who were highly fit in mid-life were nearly 90% less likely to get dementia (失智) decades later.
B) After initial exercise tests in middle age, researchers followed the women for 44 years. Both groups lived just as long, but those who could ride an exercise bike at a fast rate for 6 minutes in the initial test had a much lower risk of dementia later on than those who couldn't complete the workout.
C) The study, published Wednesday in the journal Neurology, couldn't prove that exercise prevented dementia, and the findings aren't a surprise—it's long been known there's a correlation between exercise and decreased dementia risk—but the results were particularly dramatic. About 5% of the women with the highest peak workload—those who were able to bike the hardest over those 6 minutes—developed dementia, compared to 25% of those with medium fitness and 45% who weren't fit enough to finish the test, the study found. Overall, women who were highly fit compared to those who were moderately fit decreased their risk of dementia by 88%. The few highly fit women who did develop dementia became symptomatic at age 90 on average, 11 years later than the moderately fit.
D) “I'm very surprised that the finding was so strong,” said Ingmar Skoog, the paper's senior author and a psychiatry (精神病学) professor at The University of Gothenburg in Sweden. “It really shows the importance of exercise.”
E) Dementia, as defined in medical dictionaries, is a broad term that describes a loss of thinking ability, memory, attention, logical reasoning, and other mental abilities. These changes are severe enough to interfere with social or occupational functioning. Dementia isn't a disease. Instead, it's a group of symptoms caused by other conditions. It happens when the parts of your brain used for learning, memory, decision making, and language are damaged or diseased. About 5%-8% of adults over age 65 have some form of dementia. This percentage doubles every 5 years after 65. As many as half of people in their 80s have some dementia.
F) Dementia is not temporary confusion or forgetfulness that might result from an infection that heals without treatment. It can also come from an underlying (潜在的) illness or side effects of medications. Dementia typically gets worse over time. People with dementia have problems with thinking and remembering that affect their ability to manage their daily life.
G) Dementia is typically associated with declines in cognitive function. Yet researchers have found an association between dementia and declines in hearing and other basic sensory functions.
H) Though the study mentioned above was fairly small (only 191 women took the initial fitness test, which means it's hard to maintain statistical significance while breaking the group down into sub-categories of more or less fit), it does give us hope that dementia can be prevented or delayed through exercise in one's middle age.
I) Alzheimer's (阿尔茨海默症) and other dementias are believed to begin 15-20 years before symptoms even appear, so it makes sense that exercising in mid-life would affect the risk, Skoog said. Exercise alone is not likely to prevent Alzheimer's, but the study shows people are not helpless in the face of one of the most feared, costliest and common diseases of old age, he added. And the same activities that help prevent Alzheimer's—including avoiding smoking, getting adequate exercise and sleep and eating a healthy diet—also prevent heart disease, he said, making them even more worthwhile. “You can do something yourself to decrease your odds,” Skoog said.
J) Maintaining a healthy lifestyle in mid-life, decades before disease sets in, makes sense, said David Knopman, a fellow of the American Academy of Neurology, who was not involved in the study. “I suspect it's a dose,” said Knopman, also associate director of the Alzheimer's Disease Research Center at Mayo Clinic in Rochester, Minnesota. “Starting in late life is better than not starting at all, but starting in mid-life seems to offer a larger benefit.”
K) Although it is not entirely clear why exercise helps put off or prevent Alzheimer's, Knopman said it's likely that exercise maintains good blood flow to the brain. “When the brain is healthier from a vascular (血管的) point of view, it can absorb more Alzheimer's pathogen (病原体) before people become symptomatic,” he said.
L) The message isn't that everyone needs to run marathons in middle age, Knopman said, but a healthy lifestyle pays off.
M) This type of study can't say exactly what kind of exercise is best, or how much is needed—only a study that has a placebo (安慰剂) group and tracks people going forward can do that, said Keith Fargo, director of scientific programs and outreach at the non-profit Alzheimer's Association. “The literature has not yet settled on an amount or type of exercise that is going to be key, although the bulk of literature has suggested that aerobic (有氧的) exercise is what you need to be doing,” he said. That doesn't mean you have to compete in marathons but “more than a 10-min dog walk” would be a good idea, Fargo said.
N) Several lifestyle studies are getting underway soon, including one backed by the Alzheimer's Association called the US POINTER study, which will offer at-risk adults, ages 60-79, a series of lifestyle interventions (干预) to see if they impact Alzheimer's risk. That and other Alzheimer's-related studies are always looking for volunteers to participate, he said.
O) In the next three to five years, these studies should allow researchers to provide clearer recommendations for exercise and other lifestyle modifications that might reduce Alzheimer's risk, such as sleep, diet and social activities, Fargo said. But it's already quite clear that exercising at any point in life is better for your brain than not exercising at all, Fargo added.
P) “If you don't want to have dementia when you're 80, the time to start getting fit is now,” he said. “It may not necessarily give you a longer life, but there's a compelling body of work that it will give you more good years.”

【第 42 题】One researcher believes that exercise may keep the brain well supplied with blood.",A|B|C|D|E|F|G|H|I|J|K|L|M|N|O|P,K,,"答案为 K)。该段第 1 句提到,……但诺普曼表示,很可能是运动维持了大脑良好的血液供应。由此可知,题干是对该句信息的同义转述,题干中的 keep the brain well supplied with blood 对应原文中的 maintains good blood flow to the brain。",,演示,1,是
2024级英语1班,13,S4验收演示单元,2,阅读 · 段落匹配（第 10 周真题）,阅读,10,否,四级,段落匹配,"Exercise and Dementia
A) If this doesn't encourage you to squeeze in a workout today, nothing will: a new study from Sweden shows that women who were highly fit in mid-life were nearly 90% less likely to get dementia (失智) decades later.
B) After initial exercise tests in middle age, researchers followed the women for 44 years. Both groups lived just as long, but those who could ride an exercise bike at a fast rate for 6 minutes in the initial test had a much lower risk of dementia later on than those who couldn't complete the workout.
C) The study, published Wednesday in the journal Neurology, couldn't prove that exercise prevented dementia, and the findings aren't a surprise—it's long been known there's a correlation between exercise and decreased dementia risk—but the results were particularly dramatic. About 5% of the women with the highest peak workload—those who were able to bike the hardest over those 6 minutes—developed dementia, compared to 25% of those with medium fitness and 45% who weren't fit enough to finish the test, the study found. Overall, women who were highly fit compared to those who were moderately fit decreased their risk of dementia by 88%. The few highly fit women who did develop dementia became symptomatic at age 90 on average, 11 years later than the moderately fit.
D) “I'm very surprised that the finding was so strong,” said Ingmar Skoog, the paper's senior author and a psychiatry (精神病学) professor at The University of Gothenburg in Sweden. “It really shows the importance of exercise.”
E) Dementia, as defined in medical dictionaries, is a broad term that describes a loss of thinking ability, memory, attention, logical reasoning, and other mental abilities. These changes are severe enough to interfere with social or occupational functioning. Dementia isn't a disease. Instead, it's a group of symptoms caused by other conditions. It happens when the parts of your brain used for learning, memory, decision making, and language are damaged or diseased. About 5%-8% of adults over age 65 have some form of dementia. This percentage doubles every 5 years after 65. As many as half of people in their 80s have some dementia.
F) Dementia is not temporary confusion or forgetfulness that might result from an infection that heals without treatment. It can also come from an underlying (潜在的) illness or side effects of medications. Dementia typically gets worse over time. People with dementia have problems with thinking and remembering that affect their ability to manage their daily life.
G) Dementia is typically associated with declines in cognitive function. Yet researchers have found an association between dementia and declines in hearing and other basic sensory functions.
H) Though the study mentioned above was fairly small (only 191 women took the initial fitness test, which means it's hard to maintain statistical significance while breaking the group down into sub-categories of more or less fit), it does give us hope that dementia can be prevented or delayed through exercise in one's middle age.
I) Alzheimer's (阿尔茨海默症) and other dementias are believed to begin 15-20 years before symptoms even appear, so it makes sense that exercising in mid-life would affect the risk, Skoog said. Exercise alone is not likely to prevent Alzheimer's, but the study shows people are not helpless in the face of one of the most feared, costliest and common diseases of old age, he added. And the same activities that help prevent Alzheimer's—including avoiding smoking, getting adequate exercise and sleep and eating a healthy diet—also prevent heart disease, he said, making them even more worthwhile. “You can do something yourself to decrease your odds,” Skoog said.
J) Maintaining a healthy lifestyle in mid-life, decades before disease sets in, makes sense, said David Knopman, a fellow of the American Academy of Neurology, who was not involved in the study. “I suspect it's a dose,” said Knopman, also associate director of the Alzheimer's Disease Research Center at Mayo Clinic in Rochester, Minnesota. “Starting in late life is better than not starting at all, but starting in mid-life seems to offer a larger benefit.”
K) Although it is not entirely clear why exercise helps put off or prevent Alzheimer's, Knopman said it's likely that exercise maintains good blood flow to the brain. “When the brain is healthier from a vascular (血管的) point of view, it can absorb more Alzheimer's pathogen (病原体) before people become symptomatic,” he said.
L) The message isn't that everyone needs to run marathons in middle age, Knopman said, but a healthy lifestyle pays off.
M) This type of study can't say exactly what kind of exercise is best, or how much is needed—only a study that has a placebo (安慰剂) group and tracks people going forward can do that, said Keith Fargo, director of scientific programs and outreach at the non-profit Alzheimer's Association. “The literature has not yet settled on an amount or type of exercise that is going to be key, although the bulk of literature has suggested that aerobic (有氧的) exercise is what you need to be doing,” he said. That doesn't mean you have to compete in marathons but “more than a 10-min dog walk” would be a good idea, Fargo said.
N) Several lifestyle studies are getting underway soon, including one backed by the Alzheimer's Association called the US POINTER study, which will offer at-risk adults, ages 60-79, a series of lifestyle interventions (干预) to see if they impact Alzheimer's risk. That and other Alzheimer's-related studies are always looking for volunteers to participate, he said.
O) In the next three to five years, these studies should allow researchers to provide clearer recommendations for exercise and other lifestyle modifications that might reduce Alzheimer's risk, such as sleep, diet and social activities, Fargo said. But it's already quite clear that exercising at any point in life is better for your brain than not exercising at all, Fargo added.
P) “If you don't want to have dementia when you're 80, the time to start getting fit is now,” he said. “It may not necessarily give you a longer life, but there's a compelling body of work that it will give you more good years.”

【第 43 题】Medical literature has not concluded as to what exercise or how much exercise is crucial, although it generally agrees that people should do aerobic exercise.",A|B|C|D|E|F|G|H|I|J|K|L|M|N|O|P,M,,"答案为 M)。该段第 2 句提到,“文献目前还没有确定关键的运动量或运动类型,但大多数文献已经表明,有氧运动是你需要去做的”。由此可知,题干是对该句信息的同义转述,题干中的 literature 和 aerobic exercise 是原词复现;not concluded 对应原文中的 not yet settled on;what exercise or how much exercise is crucial 对应 an amount or type of exercise that is going to be key。",,演示,1,是
2024级英语1班,13,S4验收演示单元,2,阅读 · 段落匹配（第 10 周真题）,阅读,10,否,四级,段落匹配,"Exercise and Dementia
A) If this doesn't encourage you to squeeze in a workout today, nothing will: a new study from Sweden shows that women who were highly fit in mid-life were nearly 90% less likely to get dementia (失智) decades later.
B) After initial exercise tests in middle age, researchers followed the women for 44 years. Both groups lived just as long, but those who could ride an exercise bike at a fast rate for 6 minutes in the initial test had a much lower risk of dementia later on than those who couldn't complete the workout.
C) The study, published Wednesday in the journal Neurology, couldn't prove that exercise prevented dementia, and the findings aren't a surprise—it's long been known there's a correlation between exercise and decreased dementia risk—but the results were particularly dramatic. About 5% of the women with the highest peak workload—those who were able to bike the hardest over those 6 minutes—developed dementia, compared to 25% of those with medium fitness and 45% who weren't fit enough to finish the test, the study found. Overall, women who were highly fit compared to those who were moderately fit decreased their risk of dementia by 88%. The few highly fit women who did develop dementia became symptomatic at age 90 on average, 11 years later than the moderately fit.
D) “I'm very surprised that the finding was so strong,” said Ingmar Skoog, the paper's senior author and a psychiatry (精神病学) professor at The University of Gothenburg in Sweden. “It really shows the importance of exercise.”
E) Dementia, as defined in medical dictionaries, is a broad term that describes a loss of thinking ability, memory, attention, logical reasoning, and other mental abilities. These changes are severe enough to interfere with social or occupational functioning. Dementia isn't a disease. Instead, it's a group of symptoms caused by other conditions. It happens when the parts of your brain used for learning, memory, decision making, and language are damaged or diseased. About 5%-8% of adults over age 65 have some form of dementia. This percentage doubles every 5 years after 65. As many as half of people in their 80s have some dementia.
F) Dementia is not temporary confusion or forgetfulness that might result from an infection that heals without treatment. It can also come from an underlying (潜在的) illness or side effects of medications. Dementia typically gets worse over time. People with dementia have problems with thinking and remembering that affect their ability to manage their daily life.
G) Dementia is typically associated with declines in cognitive function. Yet researchers have found an association between dementia and declines in hearing and other basic sensory functions.
H) Though the study mentioned above was fairly small (only 191 women took the initial fitness test, which means it's hard to maintain statistical significance while breaking the group down into sub-categories of more or less fit), it does give us hope that dementia can be prevented or delayed through exercise in one's middle age.
I) Alzheimer's (阿尔茨海默症) and other dementias are believed to begin 15-20 years before symptoms even appear, so it makes sense that exercising in mid-life would affect the risk, Skoog said. Exercise alone is not likely to prevent Alzheimer's, but the study shows people are not helpless in the face of one of the most feared, costliest and common diseases of old age, he added. And the same activities that help prevent Alzheimer's—including avoiding smoking, getting adequate exercise and sleep and eating a healthy diet—also prevent heart disease, he said, making them even more worthwhile. “You can do something yourself to decrease your odds,” Skoog said.
J) Maintaining a healthy lifestyle in mid-life, decades before disease sets in, makes sense, said David Knopman, a fellow of the American Academy of Neurology, who was not involved in the study. “I suspect it's a dose,” said Knopman, also associate director of the Alzheimer's Disease Research Center at Mayo Clinic in Rochester, Minnesota. “Starting in late life is better than not starting at all, but starting in mid-life seems to offer a larger benefit.”
K) Although it is not entirely clear why exercise helps put off or prevent Alzheimer's, Knopman said it's likely that exercise maintains good blood flow to the brain. “When the brain is healthier from a vascular (血管的) point of view, it can absorb more Alzheimer's pathogen (病原体) before people become symptomatic,” he said.
L) The message isn't that everyone needs to run marathons in middle age, Knopman said, but a healthy lifestyle pays off.
M) This type of study can't say exactly what kind of exercise is best, or how much is needed—only a study that has a placebo (安慰剂) group and tracks people going forward can do that, said Keith Fargo, director of scientific programs and outreach at the non-profit Alzheimer's Association. “The literature has not yet settled on an amount or type of exercise that is going to be key, although the bulk of literature has suggested that aerobic (有氧的) exercise is what you need to be doing,” he said. That doesn't mean you have to compete in marathons but “more than a 10-min dog walk” would be a good idea, Fargo said.
N) Several lifestyle studies are getting underway soon, including one backed by the Alzheimer's Association called the US POINTER study, which will offer at-risk adults, ages 60-79, a series of lifestyle interventions (干预) to see if they impact Alzheimer's risk. That and other Alzheimer's-related studies are always looking for volunteers to participate, he said.
O) In the next three to five years, these studies should allow researchers to provide clearer recommendations for exercise and other lifestyle modifications that might reduce Alzheimer's risk, such as sleep, diet and social activities, Fargo said. But it's already quite clear that exercising at any point in life is better for your brain than not exercising at all, Fargo added.
P) “If you don't want to have dementia when you're 80, the time to start getting fit is now,” he said. “It may not necessarily give you a longer life, but there's a compelling body of work that it will give you more good years.”

【第 44 题】It has long been common knowledge that exercise correlates with reduced risk of dementia.",A|B|C|D|E|F|G|H|I|J|K|L|M|N|O|P,C,,"答案为 C)。该段第 1 句提到,……运动与失智风险降低之间存在关联,这早已为人所知。由此可知,题干是对该句信息的同义转述,题干中的 It has long been common knowledge 对应原文中的 it's long been known; correlates with 对应 correlation;reduced risk of dementia 对应 decreased dementia risk。",,演示,1,是
2024级英语1班,13,S4验收演示单元,2,阅读 · 段落匹配（第 10 周真题）,阅读,10,否,四级,段落匹配,"Exercise and Dementia
A) If this doesn't encourage you to squeeze in a workout today, nothing will: a new study from Sweden shows that women who were highly fit in mid-life were nearly 90% less likely to get dementia (失智) decades later.
B) After initial exercise tests in middle age, researchers followed the women for 44 years. Both groups lived just as long, but those who could ride an exercise bike at a fast rate for 6 minutes in the initial test had a much lower risk of dementia later on than those who couldn't complete the workout.
C) The study, published Wednesday in the journal Neurology, couldn't prove that exercise prevented dementia, and the findings aren't a surprise—it's long been known there's a correlation between exercise and decreased dementia risk—but the results were particularly dramatic. About 5% of the women with the highest peak workload—those who were able to bike the hardest over those 6 minutes—developed dementia, compared to 25% of those with medium fitness and 45% who weren't fit enough to finish the test, the study found. Overall, women who were highly fit compared to those who were moderately fit decreased their risk of dementia by 88%. The few highly fit women who did develop dementia became symptomatic at age 90 on average, 11 years later than the moderately fit.
D) “I'm very surprised that the finding was so strong,” said Ingmar Skoog, the paper's senior author and a psychiatry (精神病学) professor at The University of Gothenburg in Sweden. “It really shows the importance of exercise.”
E) Dementia, as defined in medical dictionaries, is a broad term that describes a loss of thinking ability, memory, attention, logical reasoning, and other mental abilities. These changes are severe enough to interfere with social or occupational functioning. Dementia isn't a disease. Instead, it's a group of symptoms caused by other conditions. It happens when the parts of your brain used for learning, memory, decision making, and language are damaged or diseased. About 5%-8% of adults over age 65 have some form of dementia. This percentage doubles every 5 years after 65. As many as half of people in their 80s have some dementia.
F) Dementia is not temporary confusion or forgetfulness that might result from an infection that heals without treatment. It can also come from an underlying (潜在的) illness or side effects of medications. Dementia typically gets worse over time. People with dementia have problems with thinking and remembering that affect their ability to manage their daily life.
G) Dementia is typically associated with declines in cognitive function. Yet researchers have found an association between dementia and declines in hearing and other basic sensory functions.
H) Though the study mentioned above was fairly small (only 191 women took the initial fitness test, which means it's hard to maintain statistical significance while breaking the group down into sub-categories of more or less fit), it does give us hope that dementia can be prevented or delayed through exercise in one's middle age.
I) Alzheimer's (阿尔茨海默症) and other dementias are believed to begin 15-20 years before symptoms even appear, so it makes sense that exercising in mid-life would affect the risk, Skoog said. Exercise alone is not likely to prevent Alzheimer's, but the study shows people are not helpless in the face of one of the most feared, costliest and common diseases of old age, he added. And the same activities that help prevent Alzheimer's—including avoiding smoking, getting adequate exercise and sleep and eating a healthy diet—also prevent heart disease, he said, making them even more worthwhile. “You can do something yourself to decrease your odds,” Skoog said.
J) Maintaining a healthy lifestyle in mid-life, decades before disease sets in, makes sense, said David Knopman, a fellow of the American Academy of Neurology, who was not involved in the study. “I suspect it's a dose,” said Knopman, also associate director of the Alzheimer's Disease Research Center at Mayo Clinic in Rochester, Minnesota. “Starting in late life is better than not starting at all, but starting in mid-life seems to offer a larger benefit.”
K) Although it is not entirely clear why exercise helps put off or prevent Alzheimer's, Knopman said it's likely that exercise maintains good blood flow to the brain. “When the brain is healthier from a vascular (血管的) point of view, it can absorb more Alzheimer's pathogen (病原体) before people become symptomatic,” he said.
L) The message isn't that everyone needs to run marathons in middle age, Knopman said, but a healthy lifestyle pays off.
M) This type of study can't say exactly what kind of exercise is best, or how much is needed—only a study that has a placebo (安慰剂) group and tracks people going forward can do that, said Keith Fargo, director of scientific programs and outreach at the non-profit Alzheimer's Association. “The literature has not yet settled on an amount or type of exercise that is going to be key, although the bulk of literature has suggested that aerobic (有氧的) exercise is what you need to be doing,” he said. That doesn't mean you have to compete in marathons but “more than a 10-min dog walk” would be a good idea, Fargo said.
N) Several lifestyle studies are getting underway soon, including one backed by the Alzheimer's Association called the US POINTER study, which will offer at-risk adults, ages 60-79, a series of lifestyle interventions (干预) to see if they impact Alzheimer's risk. That and other Alzheimer's-related studies are always looking for volunteers to participate, he said.
O) In the next three to five years, these studies should allow researchers to provide clearer recommendations for exercise and other lifestyle modifications that might reduce Alzheimer's risk, such as sleep, diet and social activities, Fargo said. But it's already quite clear that exercising at any point in life is better for your brain than not exercising at all, Fargo added.
P) “If you don't want to have dementia when you're 80, the time to start getting fit is now,” he said. “It may not necessarily give you a longer life, but there's a compelling body of work that it will give you more good years.”

【第 45 题】Activities helpful in the prevention of Alzheimer's also prevent heart disease.",A|B|C|D|E|F|G|H|I|J|K|L|M|N|O|P,I,,"答案为 I)。该段倒数第 2 句提到,有助于预防阿尔茨海默症的那些活动……同样可以预防心脏病。由此可知,题干是对该句信息的同义转述,题干中的 prevent heart disease 是原词复现;Activities helpful 对应原文中的 activities that help;prevention of Alzheimer's 对应 prevent Alzheimer's。",,演示,1,是
